{
  "basis": [
    [
      3603,
      3602,
      3601,
      3600,
      3649,
      3648,
      3647,
      3646,
      3645,
      3644,
      3643,
      3642,
      3641,
      3640,
      3639,
      3638,
      3637,
      3636,
      3635,
      3634,
      3633,
      3632,
      3631,
      3630,
      3629,
      3628,
      3627,
      3626,
      3625,
      3624,
      3623,
      3622,
      3621,
      3620,
      3619,
      3618,
      3617,
      3616,
      3615,
      3614,
      3613,
      3612,
      3611,
      3610,
      3609,
      3608,
      3607,
      3606,
      3605,
      3604
    ],
    [
      3603,
      5044,
      5045,
      5040,
      5041,
      5036,
      5037,
      5032,
      5033,
      5030,
      5031,
      5027,
      5028,
      5025,
      5026,
      5023,
      5024,
      5021,
      5022,
      5019,
      5020,
      5017,
      5018,
      5015,
      5016,
      5013,
      5014,
      5011,
      5012,
      5009,
      5010,
      5007,
      5008,
      5005,
      5006,
      5003,
      5004,
      5001,
      5002,
      5000,
      3673,
      3723,
      3773,
      3823,
      3873,
      3923,
      3973,
      4023,
      4073,
      4123,
      4173,
      4223,
      4273,
      4323,
      4373,
      4423,
      4473,
      4523,
      4573,
      4623,
      4673,
      4723,
      4773,
      4823,
      4873,
      4923,
      4973,
      47,
      46,
      123,
      173,
      223,
      273,
      323,
      373,
      423,
      473,
      523,
      573,
      623,
      673,
      723,
      773,
      823,
      873,
      923,
      973,
      1023,
      1073,
      1123,
      1173,
      1223,
      1273,
      1323,
      1373,
      1423,
      1473,
      1523,
      1573,
      1623,
      1673,
      1723,
      1773,
      1823,
      1873,
      1923,
      1973,
      2023,
      2073,
      2123,
      2173,
      2223,
      2273,
      2323,
      2373,
      2423,
      2473,
      2523,
      2573,
      2623,
      2673,
      2723,
      2773,
      2823,
      2873,
      2922,
      2971,
      3020,
      3069,
      3118,
      3167,
      3216,
      3265,
      3314,
      3363,
      3412,
      3461,
      3510,
      3559,
      5029,
      5035,
      5034,
      5039,
      5038,
      5043,
      5042,
      5047,
      5046
    ]
  ],
  "lengths": [
    0.7848815321922302,
    2.142683982849121
  ],
  "model": "data/homotopy/torus.ply",
  "root": 3603
}